Order_ID,Date,Region,City,Product,Category,Quantity,Unit_Price,Discount,Sales,Profit
1,2026-01-18,North,Pune,Headphones,Electronics,1,2500,0.1,2250.0,577.55
2,2026-01-12,South,Coimbatore,Water Bottle,Accessories,1,700,0.15,595.0,156.55
3,2026-03-25,West,Coimbatore,Water Bottle,Accessories,5,700,0.0,3500.0,937.13
4,2026-01-01,South,Pune,Backpack,Accessories,5,1600,0.1,7200.0,944.91
5,2026-02-13,North,Chennai,Pen Set,Stationery,3,180,0.1,486.0,134.41
6,2026-03-19,East,Chennai,Pen Set,Stationery,1,180,0.1,162.0,19.89
7,2026-02-18,North,Kochi,Backpack,Accessories,5,1600,0.0,8000.0,1483.01
8,2026-01-09,North,Pune,Desk,Furniture,6,6500,0.1,35100.0,6416.65
9,2026-01-13,West,Bengaluru,Office Chair,Furniture,3,8500,0.0,25500.0,5327.88
10,2026-02-15,South,Pune,Backpack,Accessories,6,1600,0.1,8640.0,2375.7
11,2026-01-22,South,Coimbatore,Desk,Furniture,6,6500,0.0,39000.0,10068.78
12,2026-03-23,South,Pune,Backpack,Accessories,4,1600,0.1,5760.0,525.41
13,2026-02-10,West,Bengaluru,Notebook,Stationery,1,120,0.05,114.0,19.88
14,2026-03-05,West,Pune,Headphones,Electronics,2,2500,0.1,4500.0,1187.37
15,2026-03-13,East,Pune,Backpack,Accessories,2,1600,0.1,2880.0,806.64
16,2026-01-18,West,Chennai,USB Cable,Electronics,4,450,0.15,1530.0,283.68
17,2026-03-29,West,Kochi,Laptop,Electronics,1,55000,0.05,52250.0,11248.09
18,2026-03-01,East,Kochi,Headphones,Electronics,4,2500,0.15,8500.0,1108.22
19,2026-03-10,East,Pune,Laptop,Electronics,6,55000,0.0,330000.0,80407.12
20,2026-02-28,North,Pune,Notebook,Stationery,1,120,0.1,108.0,23.17
21,2026-01-14,East,Pune,Desk,Furniture,5,6500,0.05,30875.0,7425.07
22,2026-01-21,North,Kochi,Water Bottle,Accessories,5,700,0.05,3325.0,1048.01
23,2026-02-16,East,Coimbatore,Notebook,Stationery,4,120,0.0,480.0,171.66
24,2026-03-04,North,Kochi,Laptop,Electronics,2,55000,0.0,110000.0,39915.62
25,2026-01-22,East,Kochi,Keyboard,Electronics,2,1800,0.15,3060.0,146.27
26,2026-03-30,South,Pune,USB Cable,Electronics,4,450,0.05,1710.0,259.59
27,2026-03-08,West,Chennai,Desk,Furniture,4,6500,0.1,23400.0,5001.88
28,2026-03-17,South,Kochi,Office Chair,Furniture,2,8500,0.0,17000.0,5310.51
29,2026-01-08,South,Chennai,Office Chair,Furniture,1,8500,0.0,8500.0,2026.67
30,2026-02-05,West,Coimbatore,Laptop,Electronics,3,55000,0.0,165000.0,45732.85
31,2026-03-02,West,Coimbatore,Water Bottle,Accessories,2,700,0.15,1190.0,253.96
32,2026-02-22,West,Pune,Headphones,Electronics,1,2500,0.15,2125.0,397.85
33,2026-02-13,North,Coimbatore,Laptop,Electronics,6,55000,0.0,330000.0,121399.56
34,2026-01-24,East,Hyderabad,Office Chair,Furniture,2,8500,0.15,14450.0,3433.38
35,2026-03-12,North,Chennai,Office Chair,Furniture,1,8500,0.15,7225.0,581.36
36,2026-01-31,South,Hyderabad,Water Bottle,Accessories,1,700,0.0,700.0,136.31
37,2026-01-08,South,Hyderabad,Backpack,Accessories,4,1600,0.05,6080.0,1005.25
38,2026-02-28,East,Hyderabad,Laptop,Electronics,4,55000,0.1,198000.0,20833.2
39,2026-02-07,South,Chennai,Water Bottle,Accessories,6,700,0.15,3570.0,835.97
40,2026-01-08,North,Kochi,USB Cable,Electronics,6,450,0.0,2700.0,622.09
41,2026-03-07,North,Coimbatore,Backpack,Accessories,5,1600,0.05,7600.0,2548.99
42,2026-01-31,West,Chennai,Headphones,Electronics,5,2500,0.0,12500.0,3061.97
43,2026-02-23,East,Bengaluru,USB Cable,Electronics,2,450,0.0,900.0,230.51
44,2026-02-20,South,Pune,Office Chair,Furniture,6,8500,0.1,45900.0,11845.4
45,2026-01-10,North,Hyderabad,Desk,Furniture,4,6500,0.1,23400.0,2449.1
46,2026-01-28,East,Coimbatore,USB Cable,Electronics,5,450,0.0,2250.0,822.03
47,2026-01-21,West,Kochi,Notebook,Stationery,1,120,0.05,114.0,30.73
48,2026-03-12,East,Pune,Desk,Furniture,5,6500,0.0,32500.0,8008.89
49,2026-01-14,South,Bengaluru,Headphones,Electronics,2,2500,0.1,4500.0,1284.57
50,2026-01-27,East,Kochi,Desk,Furniture,5,6500,0.05,30875.0,6060.52
51,2026-02-24,East,Chennai,Backpack,Accessories,3,1600,0.0,4800.0,1735.39
52,2026-02-03,South,Pune,Laptop,Electronics,3,55000,0.05,156750.0,33425.26
53,2026-01-15,North,Pune,Backpack,Accessories,5,1600,0.15,6800.0,942.55
54,2026-03-16,South,Hyderabad,Keyboard,Electronics,5,1800,0.0,9000.0,1917.73
55,2026-01-06,East,Coimbatore,Keyboard,Electronics,1,1800,0.1,1620.0,372.73
56,2026-03-13,West,Kochi,Office Chair,Furniture,6,8500,0.0,51000.0,15772.48
57,2026-01-23,West,Chennai,Keyboard,Electronics,2,1800,0.05,3420.0,485.13
58,2026-02-22,South,Bengaluru,Keyboard,Electronics,6,1800,0.1,9720.0,1334.05
59,2026-01-05,West,Coimbatore,Keyboard,Electronics,6,1800,0.0,10800.0,3277.71
60,2026-01-30,South,Chennai,Office Chair,Furniture,4,8500,0.1,30600.0,7444.7
